k_oman;Oman;Oman;Oman;;Oman;;;;;;;;;x
k_oman_adj;Omani;Omani;Omani;;Omani;;;;;;;;;x
k_algeria;Algeria;Algeria;Algeria;;Algeria;;;;;;;;;x
k_algeria_adj;Algerian;Algerian;Algerian;;Algerian;;;;;;;;;x
k_tunisia;Tunisia;Tunisia;Tunisia;;Tunisia;;;;;;;;;x
k_tunisia_adj;Tunisian;Tunisian;Tunisian;;Tunisian;;;;;;;;;x
k_africa;Tripolitania;Tripolitania;Tripolitania;;Tripolitania;;;;;;;;;x
k_africa_adj;Tripolitanian;Tripolitanian;Tripolitanian;;Tripolitanian;;;;;;;;;x
e_kanem;Kanem-Bornu Empire;Kanem-Bornu;Kanem-Bornu;;Kanem-Bornu;;;;;;;;;x
e_kanem_adj;Kanem;Kanem;Kanem;;Kanem;;;;;;;;;x
k_kanem;Kanem;Kanem;Kanem;;Kanem;;;;;;;;;x
k_kanem_adj;Kanem;Kanem;Kanem;;Kanem;;;;;;;;;x
k_bornu;Bornu;Bornu;Bornu;;Bornu;;;;;;;;;x
k_bornu_adj;Bornun;Bornun;Bornun;;Bornun;;;;;;;;;x
k_hausa;Kano;Kano;Kano;;Kano;;;;;;;;;x
k_hausa_adj;Kano;Kano;Kano;;Kano;;;;;;;;;x
d_kanem;Kanem;Kanem;Kanem;;Kanem;;;;;;;;;x
d_kanem_adj;Kanem;Kanem;Kanem;;Kanem;;;;;;;;;x
d_ouaddai;Ouaddai;Ouaddai;Ouaddai;;Ouaddai;;;;;;;;;x
d_ouaddai_adj;Wadi;Wadi;Wadi;;Wadi;;;;;;;;;x
d_wadi_fira;Wadi Fira;Wadi Fira;Wadi Fira;;Wadi Fira;;;;;;;;;x
d_wadi_fira_adj;Firan;Firan;Firan;;Firan;;;;;;;;;x
d_ennedi;Ennedi;Ennedi;Ennedi;;Ennedi;;;;;;;;;x
d_alamayn;Alamayn;Alamayn;Alamayn;;Alamayn;;;;;;;;;x
d_alamayn_adj;Alamaynic;Alamaynic;Alamaynic;;Alamaynic;;;;;;;;;x
d_ennedi_adj;Ennedi;Ennedi;Ennedi;;Ennedi;;;;;;;;;x
d_borno;Borno;Borno;Borno;;Borno;;;;;;;;;x
d_borno_adj;Bornon;Bornon;Bornon;;Bornon;;;;;;;;;x
d_tibesti;Tibesti;Tibesti;Tibesti;;Tibesti;;;;;;;;;x
d_tibesti_adj;Tibesti;Tibesti;Tibesti;;Tibesti;;;;;;;;;x
d_borku;Borku;Borku;Borku;;Borku;;;;;;;;;x
d_borku_adj;Borkun;Borkun;Borkun;;Borkun;;;;;;;;;x
d_atlas;Atlas;Atlas;Atlas;;Atlas;;;;;;;;;x
d_atlas_adj;Atlan;Atlan;Atlan;;Atlan;;;;;;;;;x
d_kairwan;Kairwan;Kairwan;Kairwan;;Kairwan;;;;;;;;;x
d_kairwan_adj;;;;;;;;;;;;;;x
c_kanem;Kanem;Kanem;Kanem;;Kanem;;;;;;;;;x
c_kanem_adj;;;;;;;;;;;;;;x
c_salal;Salal;Salal;Salal;;Salal;;;;;;;;;x
c_salal_adj;;;;;;;;;;;;;;x
c_fitri;Fitri;Fitri;Fitri;;Fitri;;;;;;;;;x
c_fitri_adj;;;;;;;;;;;;;;x
c_batha;Batha;Batha;Batha;;Batha;;;;;;;;;x
c_batha_adj;;;;;;;;;;;;;;x
c_sila;Sila;Sila;Sila;;Sila;;;;;;;;;x
c_sila_adj;;;;;;;;;;;;;;x
c_assoungha;Assoungha;Assoungha;Assoungha;;Assoungha;;;;;;;;;x
c_assoungha_adj;;;;;;;;;;;;;;x
c_ouara;Ouara;Ouara;Ouara;;Ouara;;;;;;;;;x
c_ouara_adj;;;;;;;;;;;;;;x
c_dar_tama;Dar Tama;Dar Tama;Dar Tama;;Dar Tama;;;;;;;;;x
c_dar_tama_adj;;;;;;;;;;;;;;x
c_fada;Fada;Fada;Fada;;Fada;;;;;;;;;x
c_fada_adj;;;;;;;;;;;;;;x
c_bahai;Bahai;Bahai;Bahai;;Bahai;;;;;;;;;x
c_bahai_adj;;;;;;;;;;;;;;x
c_ennedi;Ennedi;Ennedi;Ennedi;;Ennedi;;;;;;;;;x
c_ennedi_adj;;;;;;;;;;;;;;x
c_fezzan;Fezzan;Fezzan;Fezzan;;Fezzan;;;;;;;;;x
c_fezzan_adj;;;;;;;;;;;;;;x
c_borno;Borno;Borno;Borno;;Borno;;;;;;;;;x
c_borno_adj;;;;;;;;;;;;;;x
c_diffa;Diffa;Diffa;Diffa;;Diffa;;;;;;;;;x
c_diffa_adj;;;;;;;;;;;;;;x
c_merse;Merse;Merse;Merse;;Merse;;;;;;;;;x
c_merse_adj;;;;;;;;;;;;;;x
c_lac;Lac;Lac;Lac;;Lac;;;;;;;;;x
c_lac_adj;;;;;;;;;;;;;;x
c_murzuq;Murzuq;Murzuq;Murzuq;;Murzuq;;;;;;;;;x
c_murzuq_adj;;;;;;;;;;;;;;x
c_agadez;Agadez;Agadez;Agadez;;Agadez;;;;;;;;;x
c_agadez_adj;;;;;;;;;;;;;;x
c_tibesti;Tibesti;Tibesti;Tibesti;;Tibesti;;;;;;;;;x
c_tibesti_adj;;;;;;;;;;;;;;x
c_borkou;Borkou;Borkou;Borkou;;Borkou;;;;;;;;;x
c_borkou_adj;;;;;;;;;;;;;;x
c_nguigmi;N'guigmi;N'guigmi;N'guigmi;;N'guigmi;;;;;;;;;x
c_nguigmi_adj;;;;;;;;;;;;;;x
c_toubou;Toubou;Toubou;Toubou;;Toubou;;;;;;;;;x
c_toubou_adj;;;;;;;;;;;;;;x
c_cibiri;Cibiri;Cibiri;Cibiri;;Cibiri;;;;;;;;;x
c_cibiri_adj;;;;;;;;;;;;;;x
c_daura;Daura;Daura;Daura;;Daura;;;;;;;;;x
c_daura_adj;;;;;;;;;;;;;;x
d_daura;Daura;Daura;Daura;;Daura;;;;;;;;;x
d_daura_adj;;;;;;;;;;;;;;x
c_biramas;Biramas;Biramas;Biramas;;Biramas;;;;;;;;;x
c_biramas_adj;;;;;;;;;;;;;;x
b_biramas;Biramas;Biramas;Biramas;;Biramas;;;;;;;;;x
b_samu;Samu;Samu;Samu;;Samu;;;;;;;;;x
c_nagazargamu;Nagazargamu;Nagazargamu;Nagazargamu;;Nagazargamu;;;;;;;;;x
c_nagazargamu_adj;;;;;;;;;;;;;;x
b_nagazargamu;Nagazargamu;Nagazargamu;Nagazargamu;;Nagazargamu;;;;;;;;;x
b_dala;Dala;Dala;Dala;;Dala;;;;;;;;;x
c_kukava;Kukava;Kukava;Kukava;;Kukava;;;;;;;;;x
c_kukava_adj;;;;;;;;;;;;;;x
d_kukava;Kukava;Kukava;Kukava;;Kukava;;;;;;;;;x
d_kukava_adj;;;;;;;;;;;;;;x
c_gobir;Gobir;Gobir;Gobir;;Gobir;;;;;;;;;x
c_gobir_adj;;;;;;;;;;;;;;x
d_gobir;Gobir;Gobir;Gobir;;Gobir;;;;;;;;;x
d_gobir_adj;;;;;;;;;;;;;;x
c_zamfara;Zamfara;Zamfara;Zamfara;;Zamfara;;;;;;;;;x
c_zamfara_adj;;;;;;;;;;;;;;x
b_zamfara;Zamfara;Zamfara;Zamfara;;Zamfara;;;;;;;;;x
b_gusau;Gusau;Gusau;Gusau;;Gusau;;;;;;;;;x
b_birni;Birni;Birni;Birni;;Birni;;;;;;;;;x
b_umara;Umara;Umara;Umara;;Umara;;;;;;;;;x
b_daura;Daura;Daura;Daura;;Daura;;;;;;;;;x
b_karba;Karba;Karba;Karba;;Karba;;;;;;;;;x
b_kukava;Kukava;Kukava;Kukava;;Kukava;;;;;;;;;x
b_daban;Daban;Daban;Daban;;Daban;;;;;;;;;x
b_cibiri;Cibiri;Cibiri;Cibiri;;Cibiri;;;;;;;;;x
b_alkalawa;Alkalawa;Alkalawa;Alkalawa;;Alkalawa;;;;;;;;;x
c_kazaure;Kazaure;Kazaure;Kazaure;;Kazaure;;;;;;;;;x
c_kazaure_adj;;;;;;;;;;;;;;x
c_kano;Kano;Kano;Kano;;Kano;;;;;;;;;x
c_kano_adj;;;;;;;;;;;;;;x
d_kano;Kano;Kano;Kano;;Kano;;;;;;;;;x
d_kano_adj;;;;;;;;;;;;;;x
b_kano;Kano;Kano;Kano;;Kano;;;;;;;;;x
b_tofa;Tofa;Tofa;Tofa;;Tofa;;;;;;;;;x
b_rano;Rano;Rano;Rano;;Rano;;;;;;;;;x
b_kazaure;Kazaure;Kazaure;Kazaure;;Kazaure;;;;;;;;;x
b_jigawa;Jigawa;Jigawa;Jigawa;;Jigawa;;;;;;;;;x
b_toubou;Toubou;Toubou;Toubou;;Toubou;;;;;;;;;x
c_mandara;Mandara;Mandara;Mandara;;Mandara;;;;;;;;;x
c_mandara_adj;;;;;;;;;;;;;;x
d_mandara;Mandara;Mandara;Mandara;;Mandara;;;;;;;;;x
d_mandara_adj;;;;;;;;;;;;;;x
c_ngarangou;Ngarangou;Ngarangou;Ngarangou;;Ngarangou;;;;;;;;;x
c_ngarangou_adj;;;;;;;;;;;;;;x
b_mandara;Mandara;Mandara;Mandara;;Mandara;;;;;;;;;x
b_amidala;Amidala;Amidala;Amidala;;Amidala;;;;;;;;;x
b_ngarangou;Ngarangou;Ngarangou;Ngarangou;;Ngarangou;;;;;;;;;x
b_nadu;Nadu;Nadu;Nadu;;Nadu;;;;;;;;;x
b_kaouar;Kaouar;Kaouar;Kaouar;;Kaouar;;;;;;;;;x
b_nguigmi;Nguigmi;Nguigmi;Nguigmi;;Nguigmi;;;;;;;;;x
b_am_galakka;Am Galakka;Am Galakka;Am Galakka;;Am Galakka;;;;;;;;;x
b_borku;Borku;Borku;Borku;;Borku;;;;;;;;;x
b_yebbi_souma;Yebbi Souma;Yebbi Souma;Yebbi Souma;;Yebbi Souma;;;;;;;;;x
b_bardai;Bardai;Bardai;Bardai;;Bardai;;;;;;;;;x
b_kangalam;Kangalam;Kangalam;Kangalam;;Kangalam;;;;;;;;;x
b_liwa;Liwa;Liwa;Liwa;;Liwa;;;;;;;;;x
b_chetimari;Chetimari;Chetimari;Chetimari;;Chetimari;;;;;;;;;x
b_gaf;Gaf;Gaf;Gaf;;Gaf;;;;;;;;;x
b_diffa;Diffa;Diffa;Diffa;;Diffa;;;;;;;;;x
b_gidimbari;Gidimbari;Gidimbari;Gidimbari;;Gidimbari;;;;;;;;;x
b_kukawa;Kukawa;Kukawa;Kukawa;;Kukawa;;;;;;;;;x
b_uba;Uba;Uba;Uba;;Uba;;;;;;;;;x
b_mamdi;Mamdi;Mamdi;Mamdi;;Mamdi;;;;;;;;;x
b_mao;Mao;Mao;Mao;;Mao;;;;;;;;;x
b_merse;Merse;Merse;Merse;;Merse;;;;;;;;;x
b_chakata;Chakata;Chakata;Chakata;;Chakata;;;;;;;;;x
b_tobou;Tobou;Tobou;Tobou;;Tobou;;;;;;;;;x
b_abada;Abada;Abada;Abada;;Abada;;;;;;;;;x
b_kekedina;Kekedina;Kekedina;Kekedina;;Kekedina;;;;;;;;;x
b_nokou;Nokou;Nokou;Nokou;;Nokou;;;;;;;;;x
b_salal;Salal;Salal;Salal;;Salal;;;;;;;;;x
b_moussoro;Moussoro;Moussoro;Moussoro;;Moussoro;;;;;;;;;x
b_yao;Yao;Yao;Yao;;Yao;;;;;;;;;x
b_am_djamena;Am Djamena;Am Djamena;Am Djamena;;Am Djamena;;;;;;;;;x
b_barda;Barda;Barda;Barda;;Barda;;;;;;;;;x
b_zadam;Zadam;Zadam;Zadam;;Zadam;;;;;;;;;x
b_dahal;Dahal;Dahal;Dahal;;Dahal;;;;;;;;;x
b_ati;Ati;Ati;Ati;;Ati;;;;;;;;;x
b_oum_hadjer;Oum Hadjer;Oum Hadjer;Oum Hadjer;;Oum Hadjer;;;;;;;;;x
b_tissi;Tissi;Tissi;Tissi;;Tissi;;;;;;;;;x
b_koukou_angarana;Koukou Angarana;Koukou Angarana;Koukou Angarana;;Koukou Angarana;;;;;;;;;x
b_borota;Borota;Borota;Borota;;Borota;;;;;;;;;x
b_hadjer_hadid;Hadjer Hadid;Hadjer Hadid;Hadjer Hadid;;Hadjer Hadid;;;;;;;;;x
b_tajarhi;Tajarhi;Tajarhi;Tajarhi;;Tajarhi;;;;;;;;;x
b_qatrun;Qatrun;Qatrun;Qatrun;;Qatrun;;;;;;;;;x
b_bidadi;Bidadi;Bidadi;Bidadi;;Bidadi;;;;;;;;;x
b_faya;Faya;Faya;Faya;;Faya;;;;;;;;;x
b_agadez;Agadez;Agadez;Agadez;;Agadez;;;;;;;;;x
b_bilma;Bilma;Bilma;Bilma;;Bilma;;;;;;;;;x
b_ouara;Ouara;Ouara;Ouara;;Ouara;;;;;;;;;x
b_abdi;Abdi;Abdi;Abdi;;Abdi;;;;;;;;;x
b_sirim_birke;Sirim Birke;Sirim Birke;Sirim Birke;;Sirim Birke;;;;;;;;;x
b_kolonga;Kolonga;Kolonga;Kolonga;;Kolonga;;;;;;;;;x
b_tokou;Tokou;Tokou;Tokou;;Tokou;;;;;;;;;x
b_bahai;Bahai;Bahai;Bahai;;Bahai;;;;;;;;;x
b_murzuk;Murzuk;Murzuk;Murzuk;;Murzuk;;;;;;;;;x
b_fada;Fada;Fada;Fada;;Fada;;;;;;;;;x
d_mande_warparty;Mande War Party;Mande War Party;Mande War Party;;Mande War Party;;;;;;;;;x
d_mande_warparty_adj;Mande;Mande;Mande;;Mande;;;;;;;;;x
d_jolof_warparty;Jolof War Party;Jolof War Party;Jolof War Party;;Jolof War Party;;;;;;;;;x
d_jolof_warparty_adj;Jolof;Jolof;Jolof;;Jolof;;;;;;;;;x
d_sosso_warparty;Sosso War Party;Sosso War Party;Sosso War Party;;Sosso War Party;;;;;;;;;x
d_sosso_warparty_adj;Sosso;Sosso;Sosso;;Sosso;;;;;;;;;x
d_hausa_warparty;Hausa War Party;Hausa War Party;Hausa War Party;;Hausa War Party;;;;;;;;;x
d_hausa_warparty_adj;Hausa;Hausa;Hausa;;Hausa;;;;;;;;;x
d_kanuri_warparty;Kanuri War Party;Kanuri War Party;Kanuri War Party;;Kanuri War Party;;;;;;;;;x
d_kanuri_warparty_adj;Kanuri;Kanuri;Kanuri;;Kanuri;;;;;;;;;x
d_zaghawa_warparty;Zaghawa War Party;Zaghawa War Party;Zaghawa War Party;;Zaghawa War Party;;;;;;;;;x
d_zaghawa_warparty_adj;Zaghawa;Zaghawa;Zaghawa;;Zaghawa;;;;;;;;;x
e_mali;Mali Empire;Empire du Mali;Malireich;;Imperio de Mali.;;;;;;;;;x
e_mali_adj;Mali;Mali;Mali;;Mali;;;;;;;;;x
k_jolof;Jolof;Jolof;Jolof;;Jolof;;;;;;;;;x
k_jolof_adj;Jolof;Jolof;Jolof;;Jolof;;;;;;;;;x
k_ghana;Ghana;Ghana;Ghana;;Ghana;;;;;;;;;x
k_ghana_adj;Ghana;Ghana;Ghana;;Ghana;;;;;;;;;x
k_songhai;Songhai;Songhai;Songhai;;Songhai;;;;;;;;;x
k_songhai_adj;Songhai;Songhai;Songhai;;Songhai;;;;;;;;;x
d_takrur;Takrur;Takrur;Takrur;;Takrur;;;;;;;;;x
d_takrur_adj;Takrun;Takrun;Takrun;;Takrun;;;;;;;;;x
d_jolof;Jolof;Jolof;Jolof;;Jolof;;;;;;;;;x
d_jolof_adj;Jolof;Jolof;Jolof;;Jolof;;;;;;;;;x
d_susu;Susu;Susu;Susu;;Susu;;;;;;;;;x
d_susu_adj;Sussan;Sussan;Sussan;;Sussan;;;;;;;;;x
d_diafanu;Diafanu;Diafanu;Diafanu;;Diafanu;;;;;;;;;x
d_diafanu_adj;Diafnan;Diafnan;Diafnan;;Diafnan;;;;;;;;;x
d_jeno;Jeno;Jeno;Jeno;;Jeno;;;;;;;;;x
d_jeno_adj;Jennan;Jennan;Jennan;;Jennan;;;;;;;;;x
d_songhai;Songhai;Songhai;Songhai;;Songhai;;;;;;;;;x
d_songhai_adj;Songhai;Songhai;Songhai;;Songhai;;;;;;;;;x
d_wagadou;Wagadou;Wagadou;Wagadou;;Wagadou;;;;;;;;;x
d_wagadou_adj;Wagadin;Wagadin;Wagadin;;Wagadin;;;;;;;;;x
d_kangaba;Kangaba;Kangaba;Kangaba;;Kangaba;;;;;;;;;x
d_kangaba_adj;Kangaban;Kangaban;Kangaban;;Kangaban;;;;;;;;;x
d_laayoune;Laayoune;Laayoune;Laayoune;;Laayoune;;;;;;;;;x
d_laayoune_adj;Laayounan;Laayounan;Laayounan;;Laayounan;;;;;;;;;x
c_morfil;Morfil;Morfil;Morfil;;Morfil;;;;;;;;;x
c_morfil_adj;Morfi;Morfi;Morfi;;Morfi;;;;;;;;;x
c_matam;Matam;Matam;Matam;;Matam;;;;;;;;;x
c_matam_adj;Matami;Matami;Matami;;Matami;;;;;;;;;x
c_gambia;Gambia;Gambia;Gambia;;Gambia;;;;;;;;;x
c_gambia_adj;Gambian;Gambian;Gambian;;Gambian;;;;;;;;;x
c_tabacounda;Tabacounda;Tabacounda;Tabacounda;;Tabacounda;;;;;;;;;x
c_tabacounda_adj;Tabacoundan;Tabacoundan;Tabacoundan;;Tabacoundan;;;;;;;;;x
c_waalo;Waalo;Waalo;Waalo;;Waalo;;;;;;;;;x
c_waalo_adj;Waalan;Waalan;Waalan;;Waalan;;;;;;;;;x
c_cayor;Cayor;Cayor;Cayor;;Cayor;;;;;;;;;x
c_cayor_adj;Cayoran;Cayoran;Cayoran;;Cayoran;;;;;;;;;x
c_linguere;Linguere;Linguere;Linguere;;Linguere;;;;;;;;;x
c_linguere_adj;Lingueran;Lingueran;Lingueran;;Lingueran;;;;;;;;;x
c_saloum;Saloum;Saloum;Saloum;;Saloum;;;;;;;;;x
c_saloum_adj;Salouman;Salouman;Salouman;;Salouman;;;;;;;;;x
c_baol;Baol;Baol;Baol;;Baol;;;;;;;;;x
c_baol_adj;Baoli;Baoli;Baoli;;Baoli;;;;;;;;;x
c_taghaza;Taghaza;Taghaza;Taghaza;;Taghaza;;;;;;;;;x
c_taghaza_adj;Taghazan;Taghazan;Taghazan;;Taghazan;;;;;;;;;x
c_kirina;Kirina;Kirina;Kirina;;Kirina;;;;;;;;;x
c_kirina_adj;Kirinan;Kirinan;Kirinan;;Kirinan;;;;;;;;;x
c_araouane;Araouane;Araouane;Araouane;;Araouane;;;;;;;;;x
c_araouane_adj;Araouanan;Araouanan;Araouanan;;Araouanan;;;;;;;;;x
c_aoudagast;Aoudagast;Aoudagast;Aoudagast;;Aoudagast;;;;;;;;;x
c_aoudagast_adj;Aoudagasti;Aoudagasti;Aoudagasti;;Aoudagasti;;;;;;;;;x
c_oualata;Oualata;Oualata;Oualata;;Oualata;;;;;;;;;x
c_oualata_adj;Oualatan;Oualatan;Oualatan;;Oualatan;;;;;;;;;x
c_koumbi_saleh;Koumbi Saleh;Koumbi Saleh;Koumbi Saleh;;Koumbi Saleh;;;;;;;;;x
c_koumbi_saleh_adj;Koumbi;Koumbi;Koumbi;;Koumbi;;;;;;;;;x
c_djenne;Djenne;Djenne;Djenne;;Djenne;;;;;;;;;x
c_djenne_adj;Djenni;Djenni;Djenni;;Djenni;;;;;;;;;x
c_sama;Sama;Sama;Sama;;Sama;;;;;;;;;x
c_sama_adj;Saman;Saman;Saman;;Saman;;;;;;;;;x
c_gao;Gao;Gao;Gao;;Gao;;;;;;;;;x
c_gao_adj;Gaoan;Gaoan;Gaoan;;Gaoan;;;;;;;;;x
c_timbuktu;Timbuktu;Timbuktu;Timbuktu;;Timbuktu;;;;;;;;;x
c_timbuktu_adj;Timbuktan;Timbuktan;Timbuktan;;Timbuktan;;;;;;;;;x
c_wagadou;Wagadou;Wagadou;Wagadou;;Wagadou;;;;;;;;;x
c_wagadou_adj;Wagadin;Wagadin;Wagadin;;Wagadin;;;;;;;;;x
c_tenkodogo;Tenkodogo;Tenkodogo;Tenkodogo;;Tenkodogo;;;;;;;;;x
c_tenkodogo_adj;Tenkodogan;Tenkodogan;Tenkodogan;;Tenkodogan;;;;;;;;;x
c_koudougu;Koudougu;Koudougu;Koudougu;;Koudougu;;;;;;;;;x
c_koudougu_adj;Koudougan;Koudougan;Koudougan;;Koudougan;;;;;;;;;x
c_niani;Niani;Niani;Niani;;Niani;;;;;;;;;x
c_niani_adj;Nianan;Nianan;Nianan;;Nianan;;;;;;;;;x
c_sikasso;Sikasso;Sikasso;Sikasso;;Sikasso;;;;;;;;;x
c_sikasso_adj;Sikassi;Sikassi;Sikassi;;Sikassi;;;;;;;;;x
c_yaresna;Yaresna;Yaresna;Yaresna;;Yaresna;;;;;;;;;x
c_yaresna_adj;Yaresnan;Yaresnan;Yaresnan;;Yaresnan;;;;;;;;;x
c_ghiryu;Ghiryu;Ghiryu;Ghiryu;;Ghiryu;;;;;;;;;x
c_ghiryu_adj;Ghiryu;Ghiryu;Ghiryu;;Ghiryu;;;;;;;;;x
c_el_aaiun;El Aaiun;El Aaiun;El Aaiun;;El Aaiun;;;;;;;;;x
c_el_aaiun_adj;El Aaiunic;El Aaiunic;El Aaiunic;;El Aaiunic;;;;;;;;;x
c_boujdour;Boujdour;Boujdour;Boujdour;;Boujdour;;;;;;;;;x
c_boujdour_adj;Boujdouran;Boujdouran;Boujdouran;;Boujdouran;;;;;;;;;x
c_dakhla;Dakhla;Dakhla;Dakhla;;Dakhla;;;;;;;;;x
c_dakhla_adj;Dakhlan;Dakhlan;Dakhlan;;Dakhlan;;;;;;;;;x
c_bir_gandlus;Bir Gandouz;Bir Gandouz;Bir Gandouz;;Bir Gandouz;;;;;;;;;x
c_bir_gandlus_adj;Bir Gandouzi;Bir Gandouzi;Bir Gandouzi;;Bir Gandouzi;;;;;;;;;x
b_morfil;Morfil;Morfil;Morfil;;Morfil;;;;;;;;;x
b_matam;Matam;Matam;Matam;;Matam;;;;;;;;;x
b_ziguincha;Ziguincha;Ziguincha;Ziguincha;;Ziguincha;;;;;;;;;x
b_tabacounda;Tabacounda;Tabacounda;Tabacounda;;Tabacounda;;;;;;;;;x
b_ngiangue;Ndiangue;Ndiangue;Ndiangue;;Ndiangue;;;;;;;;;x
b_mboul;Mboul;Mboul;Mboul;;Mboul;;;;;;;;;x
b_linguere;Linguere;Linguere;Linguere;;Linguere;;;;;;;;;x
b_kahone;Kahone;Kahone;Kahone;;Kahone;;;;;;;;;x
b_jurbel;Jurbel;Jurbel;Jurbel;;Jurbel;;;;;;;;;x
b_taghaza;Taghaza;Taghaza;Taghaza;;Taghaza;;;;;;;;;x
b_kirina;Kirina;Kirina;Kirina;;Kirina;;;;;;;;;x
b_araouane;Araouane;Araouane;Araouane;;Araouane;;;;;;;;;x
b_aoudagast;Aoudagast;Aoudagast;Aoudagast;;Aoudagast;;;;;;;;;x
b_oualata;Oualata;Oualata;Oualata;;Oualata;;;;;;;;;x
b_koumbi_saleh;Koumbi Saleh;Koumbi Saleh;Koumbi Saleh;;Koumbi Saleh;;;;;;;;;x
b_djenne;Djenne;Djenne;Djenne;;Djenne;;;;;;;;;x
b_sama;Sama;Sama;Sama;;Sama;;;;;;;;;x
b_gao;Gao;Gao;Gao;;Gao;;;;;;;;;x
b_timbuktu;Timbuktu;Timbuktu;Timbuktu;;Timbuktu;;;;;;;;;x
b_wagadou;Wagadou;Wagadou;Wagadou;;Wagadou;;;;;;;;;x
b_tenkodogo;Tenkodogo;Tenkodogo;Tenkodogo;;Tenkodogo;;;;;;;;;x
b_koudougu;Koudougu;Koudougu;Koudougu;;Koudougu;;;;;;;;;x
b_niani;Niani;Niani;Niani;;Niani;;;;;;;;;x
b_sikasso;Sikasso;Sikasso;Sikasso;;Sikasso;;;;;;;;;x
b_yaresna;Yaresna;Yaresna;Yaresna;;Yaresna;;;;;;;;;x
b_ghiryu;Ghiryu;Ghiryu;Ghiryu;;Ghiryu;;;;;;;;;x
b_el_aaiun;El Aaiun;El Aaiun;El Aaiun;;El Aaiun;;;;;;;;;x
b_boujdour;Boujdour;Boujdour;Boujdour;;Boujdour;;;;;;;;;x
b_dakhla;Dakhla;Dakhla;Dakhla;;Dakhla;;;;;;;;;x
b_bir_gandlus;Bir Gandlus;Bir Gandlus;Bir Gandlus;;Bir Gandlus;;;;;;;;;x
k_mozabite;Mozabite States;Mozabite States;Mozabite States;;Mozabite States;;;;;;;;;x
k_mozabite_adj;Mozabite;Mozabite;Mozabite;;Mozabite;;;;;;;;;x
d_ghardaia;Ghardaia;Ghardaia;Ghardaia;;Ghardaia;;;;;;;;;x
d_ghardaia_adj;Ghardaia;Ghardaia;Ghardaia;;Ghardaia;;;;;;;;;x
d_zeifana;Zeifana;Zeifana;Zeifana;;Zeifana;;;;;;;;;x
d_zeifana_adj;Zeifana;Zeifana;Zeifana;;Zeifana;;;;;;;;;x
d_bergan;Bergen;Bergen;Bergen;;Bergen;;;;;;;;;x
d_bergan_adj;Bergen;Bergen;Bergen;;Bergen;;;;;;;;;x
c_ghardaia;Ghardaia;Ghardaia;Ghardaia;;Ghardaia;;;;;;;;;x
c_ghardaia_adj;Ghardaia;Ghardaia;Ghardaia;;Ghardaia;;;;;;;;;x
c_zeifana;Zeifana;Zeifana;Zeifana;;Zeifana;;;;;;;;;x
c_zeifana_adj;Zeifana;Zeifana;Zeifana;;Zeifana;;;;;;;;;x
c_bergan;Bergen;Bergen;Bergen;;Bergen;;;;;;;;;x
c_bergan_adj;Bergen;Bergen;Bergen;;Bergen;;;;;;;;;x
c_beni_isguen;Beni-Isguen;Beni-Isguen;Beni-Isguen;;Beni-Isguen;;;;;;;;;x
c_beni_isguen_adj;Beni-Isguen;Beni-Isguen;Beni-Isguen;;Beni-Isguen;;;;;;;;;x
c_melika;Melika;Melika;Melika;;Melika;;;;;;;;;x
c_melika_adj;Melika;Melika;Melika;;Melika;;;;;;;;;x
c_bounoura;Bounoura;Bounoura;Bounoura;;Bounoura;;;;;;;;;x
c_bounoura_adj;Bounoura;Bounoura;Bounoura;;Bounoura;;;;;;;;;x
c_el_ateuf;Ateuf;Ateuf;Ateuf;;Ateuf;;;;;;;;;x
c_el_ateuf_adj;Ateuf;Ateuf;Ateuf;;Ateuf;;;;;;;;;x
c_guerra;Guerra;Guerra;Guerra;;Guerra;;;;;;;;;x
c_guerra_adj;Guerra;Guerra;Guerra;;Guerra;;;;;;;;;x
b_guerra;Guerra;Guerra;Guerra;;Guerra;;;;;;;;;x
b_palmeraie;Palmeraie;Palmeraie;Palmeraie;;Palmeraie;;;;;;;;;x
b_el_ateuf;Ateuf;Ateuf;Ateuf;;Ateuf;;;;;;;;;x
b_bounoura;Bounoura;Bounoura;Bounoura;;Bounoura;;;;;;;;;x
b_melika;Melika;Melika;Melika;;Melika;;;;;;;;;x
b_beni_isguen;Beni-Isguen;Beni-Isguen;Beni-Isguen;;Beni-Isguen;;;;;;;;;x
b_bergan;Bergen;Bergen;Bergen;;Bergen;;;;;;;;;x
b_zeifana;Zeifana;Zeifana;Zeifana;;Zeifana;;;;;;;;;x
b_ghardaia;Ghardaia;Ghardaia;Ghardaia;;Ghardaia;;;;;;;;;x
b_oudjoujen;Oudjoujen;Oudjoujen;Oudjoujen;;Oudjoujen;;;;;;;;;x
k_nubia;Nubia;Nubia;Nubia;;Nubia;;;;;;;;;x
k_nubia_adj;Nubian;Nubian;Nubian;;Nubian;;;;;;;;;x
k_abyssinia;Abyssinia;Abyssinia;Abyssinia;;Abyssinia;;;;;;;;;x
k_abyssinia_adj;Abyssinian;Abyssinian;Abyssinian;;Abyssinian;;;;;;;;;x
e_ethiopian;Abyssinian Empire;Abyssinian Empire;Abyssinian Empire;;Abyssinian Empire;;;;;;;;;x
e_ethiopian_adj;Abyssinian;Abyssinian;Abyssinian;;Abyssinian;;;;;;;;;x
k_semien;Semien;Semien;Semien;;Semien;;;;;;;;;x
k_semien_adj;Semien;Semien;Semien;;Semien;;;;;;;;;x
k_alodia;Alodia;Alodia;Alodia;;Alodia;;;;;;;;;x
k_alodia_adj;Alodian;Alodian;Alodian;;Alodian;;;;;;;;;x
k_somalia;Somalia;Somali Kingdom;Somali Kingdom;;Somali Kingdom;;;;;;;;;x
k_somalia_adj;Somali;Somali;Somali;;Somali;;;;;;;;;x
k_beja;Beja Sultunate;Beja Sultunate;Beja Sultunate;;Beja Sultunate;;;;;;;;;x
k_beja_adj;Bejan;Bejan;Bejan;;Bejan;;;;;;;;;x
k_makuria;Makuria;Makuria;Makuria;;Makuria;;;;;;;;;x
k_makuria_adj;Makurian;Makurian;Makurian;;Makurian;;;;;;;;;x
d_nubia;Nobatia;Nobatia;Nobatia;;Nobatia;;;;;;;;;x
d_nubia_adj;Nobatian;Nobatian;Nobatian;;Nobatian;;;;;;;;;x
d_makuria;Makuria;Makuria;Makuria;;Makuria;;;;;;;;;x
d_makuria_adj;Makurian;Makurian;Makurian;;Makurian;;;;;;;;;x
d_axum;Aksum;Aksum;Aksum;;Aksum;;;;;;;;;x
d_axum_adj;Aksum;Aksum;Aksum;;Aksum;;;;;;;;;x
d_eritrea;Eritrea;Eritrea;Eritrea;;Eritrea;;;;;;;;;x
d_eritrea_adj;Eritrean;Eritrean;Eritrean;;Eritrean;;;;;;;;;x
d_alodia;Alodia;Alodia;Alodia;;Alodia;;;;;;;;;x
d_alodia_adj;Alodian;Alodian;Alodian;;Alodian;;;;;;;;;x
d_gondar;Gondar;Gondar;Gondar;;Gondar;;;;;;;;;x
d_gondar_adj;Gondaric;Gondaric;Gondaric;;Gondaric;;;;;;;;;x
d_shewa;Shewa;Shewa;Shewa;;Shewa;;;;;;;;;x
d_shewa_adj;Shewan;Shewan;Shewan;;Shewan;;;;;;;;;x
d_harer;Adal;Adal;Adal;;Adal;;;;;;;;;x
d_harer_adj;Adallic;Adallic;Adallic;;Adallic;;;;;;;;;x
k_coptic;Coptic Orthodox Church of Alexandria;Coptic Church;Coptic Church;;Coptic Church;;;;;;;;;x
k_coptic_adj;Coptic;Coptic;Coptic;;Coptic;;;;;;;;;x
c_busaso;Busaso;Busaso;Busaso;;Busaso;;;;;;;;;x
c_busaso_adj;Busaso;Busaso;Busaso;;Busaso;;;;;;;;;x
c_berbera;Berbera;Berbera;Berbera;;Berbera;;;;;;;;;x
c_berbera_adj;Berbera;Berbera;Berbera;;Berbera;;;;;;;;;x
c_tadjoura;Tadjoura;Tadjoura;Tadjoura;;Tadjoura;;;;;;;;;x
c_tadjoura_adj;Tadjoura;Tadjoura;Tadjoura;;Tadjoura;;;;;;;;;x
c_kassala;Suakin;Suakin;Suakin;;Suakin;;;;;;;;;x
c_kassala_adj;Suakin;Suakin;Suakin;;Suakin;;;;;;;;;x
c_gondar;Gondar;Gondar;Gondar;;Gondar;;;;;;;;;x
c_gondar_adj;Gondar;Gondar;Gondar;;Gondar;;;;;;;;;x
c_aksum;Aksum;Aksum;Aksum;;Aksum;;;;;;;;;x
c_aksum_adj;Aksum;Aksum;Aksum;;Aksum;;;;;;;;;x
c_harer;Zeila;Zeila;Zeila;;Zeila;;;;;;;;;x
c_harer_adj;Zeila;Zeila;Zeila;;Zeila;;;;;;;;;x
c_nubia;Chiggre;Chiggre;Chiggre;;Chiggre;;;;;;;;;x
c_nubia_adj;Chiggre;Chiggre;Chiggre;;Chiggre;;;;;;;;;x
c_makuria;Aniba;Aniba;Aniba;;Aniba;;;;;;;;;x
c_makuria_adj;Aniba;Aniba;Aniba;;Aniba;;;;;;;;;x
c_atbara;Dongola;Dongola;Dongola;;Dongola;;;;;;;;;x
c_atbara_adj;Dongola;Dongola;Dongola;;Dongola;;;;;;;;;x
c_hayya;Faras;Faras;Faras;;Faras;;;;;;;;;x
c_hayya_adj;Faras;Faras;Faras;;Faras;;;;;;;;;x
c_akordat;Bahr;Bahr;Bahr;;Bahr;;;;;;;;;x
c_akordat_adj;Bahr;Bahr;Bahr;;Bahr;;;;;;;;;x
c_antalo;Lasta;Lasta;Lasta;;Lasta;;;;;;;;;x
c_antalo_adj;Lasta;Lasta;Lasta;;Lasta;;;;;;;;;x
c_matamma;Matamma;Matamma;Matamma;;Matamma;;;;;;;;;x
c_matamma_adj;Matamma;Matamma;Matamma;;Matamma;;;;;;;;;x
c_ankober;Shewa;Shewa;Shewa;;Shewa;;;;;;;;;x
c_ankober_adj;Shewa;Shewa;Shewa;;Shewa;;;;;;;;;x
c_asosa;Welega;Welega;Welega;;Welega;;;;;;;;;x
c_asosa_adj;Welega;Welega;Welega;;Welega;;;;;;;;;x
c_sennar;Gezira;Gezira;Gezira;;Gezira;;;;;;;;;x
c_sennar_adj;Gezira;Gezira;Gezira;;Gezira;;;;;;;;;x
c_adal;Adal;Adal;Adal;;Adal;;;;;;;;;x
c_adal_adj;Adal;Adal;Adal;;Adal;;;;;;;;;x
c_ifat;Ifat;Ifat;Ifat;;Ifat;;;;;;;;;x
c_ifat_adj;Ifat;Ifat;Ifat;;Ifat;;;;;;;;;x
c_dobaa;Doba'a;Doba'a;Doba'a;;Doba'a;;;;;;;;;x
c_dobaa_adj;Doba'a;Doba'a;Doba'a;;Doba'a;;;;;;;;;x
c_damot;Damot;Damot;Damot;;Damot;;;;;;;;;x
c_damot_adj;Damot;Damot;Damot;;Damot;;;;;;;;;x
c_hadiya;Hadiya;Hadiya;Hadiya;;Hadiya;;;;;;;;;x
c_hadiya_adj;Hadiya;Hadiya;Hadiya;;Hadiya;;;;;;;;;x
c_soba;Soba;Soba;Soba;;Soba;;;;;;;;;x
c_soba_adj;Soba;Soba;Soba;;Soba;;;;;;;;;x
c_barka;Barka;Barka;Barka;;Barka;;;;;;;;;x
c_barka_adj;Barka;Barka;Barka;;Barka;;;;;;;;;x
c_butana;Butana;Butana;Butana;;Butana;;;;;;;;;x
c_butana_adj;Butana;Butana;Butana;;Butana;;;;;;;;;x
c_meroe;Meroe;Meroe;Meroe;;Meroe;;;;;;;;;x
c_meroe_adj;Meroe;Meroe;Meroe;;Meroe;;;;;;;;;x
c_napata;Napata;Napata;Napata;;Napata;;;;;;;;;x
c_napata_adj;Napata;Napata;Napata;;Napata;;;;;;;;;x
c_aidhab;Aidhab;Aidhab;Aidhab;;Aidhab;;;;;;;;;x
c_aidhab_adj;Aidhab;Aidhab;Aidhab;;Aidhab;;;;;;;;;x